Title,Price,Stock,Image
Sophie's World,15.94,In stock,6571919836ec51ed54f0050c31d8a0cd.jpg
The Death of Humanity: and the Case for Life,58.11,In stock,71df730cf38c232ee58a2e407135f055.jpg
The Stranger,17.44,In stock,ea0476a6f4c318ceccf5e2f2b39f2b15.jpg
Proofs of God: Classical Arguments from Tertullian to Barth,54.21,In stock,3fef12d9da503693af12997c0ea0897f.jpg
Kierkegaard: A Christian Missionary to Christians,47.13,In stock,05ce699eaf78c0fae20308497c4f496a.jpg
"At The Existentialist CafÃ©: Freedom, Being, and apricot cocktails with: Jean-Paul Sartre, Simone de Beauvoir, Albert Camus, Martin Heidegger, Edmund Husserl, Karl Jaspers, Maurice Merleau-Ponty and others",29.93,In stock,de76d5c473c358bd41c03cf710692bfb.jpg
Critique of Pure Reason,20.75,In stock,126ef8f6473b81808ebbb9cff155e883.jpg
"Run, Spot, Run: The Ethics of Keeping Pets",20.02,In stock,91e6190dcdd7d6cdeb94a82b60917ec4.jpg
The Nicomachean Ethics,36.34,In stock,f0aa9ae0319b1d6e0706e6053020e696.jpg
Meditations,25.89,In stock,dfc9ed72e963572d23233b3a8cb01676.jpg
Beyond Good and Evil,43.38,In stock,ab45f300aa15066ad1260d6f1398d03e.jpg
